<?xml version="1.0" encoding="utf-8"?>
<CEDConfig Version="3">
  <Port>2597</Port>
  <Map>
    <Map>C:\uo\map0.mul</Map>
    <StaIdx>C:\uo\staidx0.mul</StaIdx>
    <Statics>C:\uo\statics0.mul</Statics>
    <Width>896</Width>
    <Height>512</Height>
  </Map>
  <Tiledata>C:\uo\tiledata.mul</Tiledata>
  <Radarcol>C:\uo\radarcol.mul</Radarcol>
  <Accounts>
    <Account>
      <Name>admin</Name>
      <PasswordHash>21232f297a57a5a743894a0e4a801fc3</PasswordHash>
      <AccessLevel>255</AccessLevel>
      <LastPos x="4752" y="264"/>
      <Regions/>
    </Account>
  </Accounts>
  <Regions/>
</CEDConfig>
