<configuration>
<config key="map" value="D:\Ultima Online 2D\map0.mul" />
<config key="map2" value="D:\Ultima Online 2D\map2.mul" />
<config key="map3" value="D:\Ultima Online 2D\map3.mul" />
<config key="map4" value="D:\UOSE\map4.mul" />
<config key="statics" value="D:\Ultima Online 2D\statics0.mul" />
<config key="staidx" value="D:\Ultima Online 2D\staidx0.mul" />
<config key="statics2" value="D:\Ultima Online 2D\statics2.mul" />
<config key="staidx2" value="D:\Ultima Online 2D\staidx2.mul" />
<config key="statics3" value="D:\Ultima Online 2D\statics3.mul" />
<config key="staidx3" value="D:\Ultima Online 2D\staidx3.mul" />
<config key="statics4" value="D:\UOSE\statics4.mul" />
<config key="staidx4" value="D:\UOSE\staidx4.mul" />
<config key="radarcol" value="D:\Ultima Online 2D\radarcol.mul" />
<config key="hues" value="D:\Ultima Online 2D\hues.mul" />
<config key="commandchar" value="#" />
<config key="CurrentMap" value="0" />
</configuration>
